,pruid,date,numtoday,numdeathstoday,numteststoday,numrecoveredtoday,moving_numtoday,moving_numdeathstoday,moving_numteststoday,moving_numrecoveredtoday
70,99,20200311,1,0.0,0.0,0.0,1.0,0.0,0.0,0.0
85,99,20200312,0,0.0,1.0,0.0,0.5,0.0,0.5,0.0
100,99,20200313,1,0.0,6.0,0.0,0.6666666666666666,0.0,2.3333333333333335,0.0
115,99,20200314,0,0.0,2.0,0.0,0.5,0.0,2.25,0.0
130,99,20200315,2,0.0,9.0,0.0,0.8,0.0,3.6,0.0
145,99,20200316,0,0.0,2.0,0.0,0.6666666666666666,0.0,3.3333333333333335,0.0
160,99,20200317,4,0.0,6.0,0.0,1.1428571428571428,0.0,3.7142857142857144,0.0
175,99,20200318,1,0.0,6.0,0.0,1.125,0.0,4.0,0.0
190,99,20200319,1,0.0,1.0,0.0,1.1111111111111112,0.0,3.6666666666666665,0.0
205,99,20200320,3,0.0,1.0,0.0,1.3,0.0,3.4,0.0
220,99,20200321,0,0.0,2.0,0.0,1.2,0.0,3.6,0.0
235,99,20200322,0,0.0,6.0,0.0,1.2,0.0,4.1,0.0
250,99,20200323,0,0.0,1.0,0.0,1.1,0.0,3.6,0.0
265,99,20200324,0,0.0,4.0,0.0,1.1,0.0,3.8,0.0
280,99,20200325,0,0.0,1.0,0.0,0.9,0.0,3.0,0.0
295,99,20200326,0,0.0,0.0,0.0,0.9,0.0,2.8,0.0
310,99,20200327,0,0.0,0.0,0.0,0.5,0.0,2.2,0.0
325,99,20200328,0,0.0,0.0,0.0,0.4,0.0,1.6,0.0
340,99,20200329,0,0.0,0.0,0.0,0.3,0.0,1.5,0.0
355,99,20200330,0,0.0,0.0,9.0,0.0,0.0,1.4,0.9
370,99,20200331,0,0.0,0.0,3.0,0.0,0.0,1.2,1.2
385,99,20200401,0,0.0,0.0,0.0,0.0,0.0,0.6,1.2
400,99,20200402,0,0.0,0.0,0.0,0.0,0.0,0.5,1.2
415,99,20200403,0,0.0,0.0,0.0,0.0,0.0,0.1,1.2
430,99,20200404,0,0.0,0.0,0.0,0.0,0.0,0.0,1.2
445,99,20200405,0,0.0,0.0,12.0,0.0,0.0,0.0,2.4
460,99,20200406,0,0.0,0.0,0.0,0.0,0.0,0.0,2.4
475,99,20200407,0,0.0,0.0,0.0,0.0,0.0,0.0,2.4
490,99,20200408,0,0.0,0.0,0.0,0.0,0.0,0.0,2.4
505,99,20200409,0,0.0,0.0,0.0,0.0,0.0,0.0,1.5
520,99,20200410,0,0.0,0.0,0.0,0.0,0.0,0.0,1.2
535,99,20200411,0,0.0,0.0,0.0,0.0,0.0,0.0,1.2
550,99,20200412,0,0.0,0.0,0.0,0.0,0.0,0.0,1.2
565,99,20200413,0,0.0,0.0,0.0,0.0,0.0,0.0,1.2
580,99,20200414,0,0.0,0.0,0.0,0.0,0.0,0.0,1.2
595,99,20200415,0,0.0,0.0,0.0,0.0,0.0,0.0,0.0
610,99,20200416,0,0.0,0.0,0.0,0.0,0.0,0.0,0.0
625,99,20200417,0,0.0,0.0,0.0,0.0,0.0,0.0,0.0
640,99,20200418,0,0.0,0.0,0.0,0.0,0.0,0.0,0.0
655,99,20200419,0,0.0,0.0,0.0,0.0,0.0,0.0,0.0
670,99,20200420,0,0.0,0.0,0.0,0.0,0.0,0.0,0.0
685,99,20200421,0,0.0,0.0,0.0,0.0,0.0,0.0,0.0
700,99,20200422,0,0.0,0.0,0.0,0.0,0.0,0.0,0.0
715,99,20200423,0,0.0,0.0,0.0,0.0,0.0,0.0,0.0
730,99,20200424,0,0.0,0.0,0.0,0.0,0.0,0.0,0.0
745,99,20200425,0,0.0,0.0,0.0,0.0,0.0,0.0,0.0
760,99,20200426,0,0.0,0.0,0.0,0.0,0.0,0.0,0.0
775,99,20200427,0,0.0,0.0,0.0,0.0,0.0,0.0,0.0
790,99,20200428,0,0.0,0.0,0.0,0.0,0.0,0.0,0.0
805,99,20200429,0,0.0,0.0,0.0,0.0,0.0,0.0,0.0
820,99,20200430,0,0.0,0.0,0.0,0.0,0.0,0.0,0.0
835,99,20200501,0,0.0,0.0,0.0,0.0,0.0,0.0,0.0
850,99,20200502,0,0.0,0.0,13.0,0.0,0.0,0.0,1.3
865,99,20200503,0,0.0,0.0,0.0,0.0,0.0,0.0,1.3
880,99,20200504,0,0.0,0.0,0.0,0.0,0.0,0.0,1.3
895,99,20200505,0,0.0,0.0,0.0,0.0,0.0,0.0,1.3
910,99,20200506,0,0.0,0.0,0.0,0.0,0.0,0.0,1.3
925,99,20200507,0,0.0,0.0,0.0,0.0,0.0,0.0,1.3
940,99,20200508,0,0.0,0.0,0.0,0.0,0.0,0.0,1.3
955,99,20200509,0,0.0,0.0,0.0,0.0,0.0,0.0,1.3
970,99,20200510,0,0.0,0.0,0.0,0.0,0.0,0.0,1.3
985,99,20200511,0,0.0,0.0,0.0,0.0,0.0,0.0,1.3
1000,99,20200512,0,0.0,0.0,0.0,0.0,0.0,0.0,0.0
1015,99,20200513,0,0.0,0.0,0.0,0.0,0.0,0.0,0.0
1030,99,20200514,0,0.0,0.0,0.0,0.0,0.0,0.0,0.0
1045,99,20200515,0,0.0,0.0,0.0,0.0,0.0,0.0,0.0
1060,99,20200516,0,0.0,0.0,0.0,0.0,0.0,0.0,0.0
1075,99,20200517,0,0.0,0.0,0.0,0.0,0.0,0.0,0.0
1090,99,20200518,0,0.0,0.0,0.0,0.0,0.0,0.0,0.0
1105,99,20200519,0,0.0,0.0,0.0,0.0,0.0,0.0,0.0
1120,99,20200520,0,0.0,0.0,0.0,0.0,0.0,0.0,0.0
1135,99,20200521,0,0.0,0.0,13.0,0.0,0.0,0.0,1.3
1150,99,20200522,0,0.0,0.0,0.0,0.0,0.0,0.0,1.3
1165,99,20200523,0,0.0,0.0,0.0,0.0,0.0,0.0,1.3
1180,99,20200524,0,0.0,0.0,0.0,0.0,0.0,0.0,1.3
1195,99,20200525,0,0.0,0.0,0.0,0.0,0.0,0.0,1.3
1210,99,20200526,0,0.0,0.0,0.0,0.0,0.0,0.0,1.3
1225,99,20200527,0,0.0,0.0,0.0,0.0,0.0,0.0,1.3
1240,99,20200528,0,0.0,0.0,0.0,0.0,0.0,0.0,1.3
1255,99,20200529,0,0.0,0.0,0.0,0.0,0.0,0.0,1.3
1270,99,20200530,0,0.0,0.0,0.0,0.0,0.0,0.0,1.3
1285,99,20200531,0,0.0,0.0,0.0,0.0,0.0,0.0,0.0
1300,99,20200601,0,0.0,0.0,0.0,0.0,0.0,0.0,0.0
1315,99,20200602,0,0.0,0.0,0.0,0.0,0.0,0.0,0.0
1330,99,20200603,0,0.0,0.0,0.0,0.0,0.0,0.0,0.0
1345,99,20200604,0,0.0,0.0,0.0,0.0,0.0,0.0,0.0
1360,99,20200605,0,0.0,0.0,0.0,0.0,0.0,0.0,0.0
1375,99,20200606,0,0.0,0.0,0.0,0.0,0.0,0.0,0.0
1390,99,20200607,0,0.0,0.0,0.0,0.0,0.0,0.0,0.0
1405,99,20200608,0,0.0,0.0,0.0,0.0,0.0,0.0,0.0
1420,99,20200609,0,0.0,0.0,0.0,0.0,0.0,0.0,0.0
1435,99,20200610,0,0.0,0.0,0.0,0.0,0.0,0.0,0.0
1450,99,20200611,0,0.0,0.0,0.0,0.0,0.0,0.0,0.0
1465,99,20200612,0,0.0,0.0,0.0,0.0,0.0,0.0,0.0
1480,99,20200613,0,0.0,0.0,0.0,0.0,0.0,0.0,0.0
1495,99,20200614,0,0.0,0.0,0.0,0.0,0.0,0.0,0.0
1510,99,20200615,0,0.0,0.0,0.0,0.0,0.0,0.0,0.0
1525,99,20200616,0,0.0,0.0,0.0,0.0,0.0,0.0,0.0
1540,99,20200617,0,0.0,0.0,0.0,0.0,0.0,0.0,0.0
1555,99,20200618,0,0.0,0.0,0.0,0.0,0.0,0.0,0.0
1570,99,20200619,0,0.0,0.0,0.0,0.0,0.0,0.0,0.0
1585,99,20200620,0,0.0,0.0,0.0,0.0,0.0,0.0,0.0
1600,99,20200621,0,0.0,0.0,0.0,0.0,0.0,0.0,0.0
1615,99,20200622,0,0.0,0.0,0.0,0.0,0.0,0.0,0.0
1630,99,20200623,0,0.0,0.0,0.0,0.0,0.0,0.0,0.0
1645,99,20200624,0,0.0,0.0,0.0,0.0,0.0,0.0,0.0
1660,99,20200625,0,0.0,0.0,0.0,0.0,0.0,0.0,0.0
1675,99,20200626,0,0.0,0.0,0.0,0.0,0.0,0.0,0.0
1690,99,20200627,0,0.0,0.0,0.0,0.0,0.0,0.0,0.0
1705,99,20200628,0,0.0,0.0,0.0,0.0,0.0,0.0,0.0
1720,99,20200629,0,0.0,0.0,0.0,0.0,0.0,0.0,0.0
1735,99,20200630,0,0.0,0.0,0.0,0.0,0.0,0.0,0.0
1750,99,20200701,0,0.0,0.0,0.0,0.0,0.0,0.0,0.0
1765,99,20200702,0,0.0,0.0,0.0,0.0,0.0,0.0,0.0
1780,99,20200703,0,0.0,0.0,0.0,0.0,0.0,0.0,0.0
1795,99,20200704,0,0.0,0.0,0.0,0.0,0.0,0.0,0.0
1810,99,20200705,0,0.0,0.0,0.0,0.0,0.0,0.0,0.0
1825,99,20200706,0,0.0,0.0,0.0,0.0,0.0,0.0,0.0
1840,99,20200707,0,0.0,0.0,0.0,0.0,0.0,0.0,0.0
1855,99,20200708,0,0.0,0.0,0.0,0.0,0.0,0.0,0.0
1870,99,20200709,0,0.0,0.0,0.0,0.0,0.0,0.0,0.0
1885,99,20200710,0,0.0,0.0,0.0,0.0,0.0,0.0,0.0
1900,99,20200711,0,0.0,0.0,0.0,0.0,0.0,0.0,0.0
1915,99,20200712,0,0.0,0.0,0.0,0.0,0.0,0.0,0.0
1930,99,20200713,0,0.0,0.0,0.0,0.0,0.0,0.0,0.0
1945,99,20200714,0,0.0,0.0,0.0,0.0,0.0,0.0,0.0
1960,99,20200715,0,0.0,0.0,0.0,0.0,0.0,0.0,0.0
1975,99,20200716,0,0.0,0.0,0.0,0.0,0.0,0.0,0.0
1990,99,20200717,0,0.0,0.0,0.0,0.0,0.0,0.0,0.0
2005,99,20200718,0,0.0,0.0,0.0,0.0,0.0,0.0,0.0
2020,99,20200719,0,0.0,0.0,0.0,0.0,0.0,0.0,0.0
2035,99,20200720,0,0.0,0.0,0.0,0.0,0.0,0.0,0.0
2050,99,20200721,0,0.0,0.0,0.0,0.0,0.0,0.0,0.0
2065,99,20200722,0,0.0,0.0,0.0,0.0,0.0,0.0,0.0
2080,99,20200723,0,0.0,0.0,0.0,0.0,0.0,0.0,0.0
2095,99,20200724,0,0.0,0.0,0.0,0.0,0.0,0.0,0.0
2110,99,20200725,0,0.0,0.0,0.0,0.0,0.0,0.0,0.0
2125,99,20200726,0,0.0,0.0,0.0,0.0,0.0,0.0,0.0
2140,99,20200727,0,0.0,0.0,0.0,0.0,0.0,0.0,0.0
2155,99,20200728,0,0.0,0.0,0.0,0.0,0.0,0.0,0.0
2170,99,20200729,0,0.0,0.0,0.0,0.0,0.0,0.0,0.0
2185,99,20200730,0,0.0,0.0,0.0,0.0,0.0,0.0,0.0
2200,99,20200731,0,0.0,0.0,0.0,0.0,0.0,0.0,0.0
2215,99,20200801,0,0.0,0.0,0.0,0.0,0.0,0.0,0.0
2230,99,20200802,0,0.0,0.0,0.0,0.0,0.0,0.0,0.0
2245,99,20200803,0,0.0,0.0,0.0,0.0,0.0,0.0,0.0
2260,99,20200804,0,0.0,0.0,0.0,0.0,0.0,0.0,0.0
2275,99,20200805,0,0.0,0.0,0.0,0.0,0.0,0.0,0.0
2290,99,20200806,0,0.0,0.0,0.0,0.0,0.0,0.0,0.0
2305,99,20200807,0,0.0,0.0,0.0,0.0,0.0,0.0,0.0
2320,99,20200808,0,0.0,0.0,0.0,0.0,0.0,0.0,0.0
2335,99,20200809,0,0.0,0.0,0.0,0.0,0.0,0.0,0.0
2350,99,20200810,0,0.0,0.0,0.0,0.0,0.0,0.0,0.0
2365,99,20200811,0,0.0,0.0,0.0,0.0,0.0,0.0,0.0
2380,99,20200812,0,0.0,0.0,0.0,0.0,0.0,0.0,0.0
2395,99,20200813,0,0.0,0.0,0.0,0.0,0.0,0.0,0.0
2410,99,20200814,0,0.0,0.0,0.0,0.0,0.0,0.0,0.0
2425,99,20200815,0,0.0,0.0,0.0,0.0,0.0,0.0,0.0
2440,99,20200816,0,0.0,0.0,0.0,0.0,0.0,0.0,0.0
2455,99,20200817,0,0.0,0.0,0.0,0.0,0.0,0.0,0.0
2470,99,20200818,0,0.0,0.0,0.0,0.0,0.0,0.0,0.0
2485,99,20200819,0,0.0,0.0,0.0,0.0,0.0,0.0,0.0
2500,99,20200820,0,0.0,0.0,0.0,0.0,0.0,0.0,0.0
2515,99,20200821,0,0.0,0.0,0.0,0.0,0.0,0.0,0.0
2530,99,20200822,0,0.0,0.0,0.0,0.0,0.0,0.0,0.0
2545,99,20200823,0,0.0,0.0,0.0,0.0,0.0,0.0,0.0
2560,99,20200824,0,0.0,0.0,0.0,0.0,0.0,0.0,0.0
2575,99,20200825,0,0.0,0.0,0.0,0.0,0.0,0.0,0.0
2590,99,20200826,0,0.0,0.0,0.0,0.0,0.0,0.0,0.0
2605,99,20200827,0,0.0,0.0,0.0,0.0,0.0,0.0,0.0
2620,99,20200828,0,0.0,0.0,0.0,0.0,0.0,0.0,0.0
2635,99,20200829,0,0.0,0.0,0.0,0.0,0.0,0.0,0.0
2650,99,20200830,0,0.0,0.0,0.0,0.0,0.0,0.0,0.0
2665,99,20200831,0,0.0,0.0,0.0,0.0,0.0,0.0,0.0
2680,99,20200901,0,0.0,0.0,0.0,0.0,0.0,0.0,0.0
2695,99,20200902,0,0.0,0.0,0.0,0.0,0.0,0.0,0.0
2710,99,20200903,0,0.0,0.0,0.0,0.0,0.0,0.0,0.0
2725,99,20200904,0,0.0,0.0,0.0,0.0,0.0,0.0,0.0
2740,99,20200905,0,0.0,0.0,0.0,0.0,0.0,0.0,0.0
2755,99,20200906,0,0.0,0.0,0.0,0.0,0.0,0.0,0.0
2770,99,20200907,0,0.0,0.0,0.0,0.0,0.0,0.0,0.0
2785,99,20200908,0,0.0,0.0,0.0,0.0,0.0,0.0,0.0
2800,99,20200909,0,0.0,0.0,0.0,0.0,0.0,0.0,0.0
2815,99,20200910,0,0.0,0.0,0.0,0.0,0.0,0.0,0.0
2830,99,20200911,0,0.0,0.0,0.0,0.0,0.0,0.0,0.0
2845,99,20200912,0,0.0,0.0,0.0,0.0,0.0,0.0,0.0
2860,99,20200913,0,0.0,0.0,0.0,0.0,0.0,0.0,0.0
2875,99,20200914,0,0.0,0.0,0.0,0.0,0.0,0.0,0.0
2890,99,20200915,0,0.0,0.0,0.0,0.0,0.0,0.0,0.0
2905,99,20200916,0,0.0,0.0,0.0,0.0,0.0,0.0,0.0
2920,99,20200917,0,0.0,0.0,0.0,0.0,0.0,0.0,0.0
2935,99,20200918,0,0.0,0.0,0.0,0.0,0.0,0.0,0.0
2950,99,20200919,0,0.0,0.0,0.0,0.0,0.0,0.0,0.0
2965,99,20200920,0,0.0,0.0,0.0,0.0,0.0,0.0,0.0
2980,99,20200921,0,0.0,0.0,0.0,0.0,0.0,0.0,0.0
2995,99,20200922,0,0.0,0.0,0.0,0.0,0.0,0.0,0.0
3010,99,20200923,0,0.0,0.0,0.0,0.0,0.0,0.0,0.0
3025,99,20200924,0,0.0,0.0,0.0,0.0,0.0,0.0,0.0
3040,99,20200925,0,0.0,0.0,0.0,0.0,0.0,0.0,0.0
3055,99,20200926,0,0.0,0.0,0.0,0.0,0.0,0.0,0.0
3070,99,20200927,0,0.0,0.0,0.0,0.0,0.0,0.0,0.0
3085,99,20200928,0,0.0,0.0,0.0,0.0,0.0,0.0,0.0
3100,99,20200929,0,0.0,0.0,0.0,0.0,0.0,0.0,0.0
3115,99,20200930,0,0.0,0.0,0.0,0.0,0.0,0.0,0.0
3130,99,20201001,0,0.0,0.0,0.0,0.0,0.0,0.0,0.0
3145,99,20201002,0,0.0,0.0,0.0,0.0,0.0,0.0,0.0
3160,99,20201003,0,0.0,0.0,0.0,0.0,0.0,0.0,0.0
3175,99,20201004,0,0.0,0.0,0.0,0.0,0.0,0.0,0.0
3190,99,20201005,0,0.0,0.0,0.0,0.0,0.0,0.0,0.0
3205,99,20201006,0,0.0,0.0,0.0,0.0,0.0,0.0,0.0
3220,99,20201007,0,0.0,0.0,0.0,0.0,0.0,0.0,0.0
3235,99,20201008,0,0.0,0.0,0.0,0.0,0.0,0.0,0.0
3250,99,20201009,0,0.0,0.0,0.0,0.0,0.0,0.0,0.0
3265,99,20201010,0,0.0,0.0,0.0,0.0,0.0,0.0,0.0
3280,99,20201011,0,0.0,0.0,0.0,0.0,0.0,0.0,0.0
3295,99,20201012,0,0.0,0.0,0.0,0.0,0.0,0.0,0.0
3310,99,20201013,0,0.0,0.0,0.0,0.0,0.0,0.0,0.0
3325,99,20201014,0,0.0,0.0,0.0,0.0,0.0,0.0,0.0
3340,99,20201015,0,0.0,0.0,0.0,0.0,0.0,0.0,0.0
3355,99,20201016,0,0.0,0.0,0.0,0.0,0.0,0.0,0.0
3370,99,20201017,0,0.0,0.0,0.0,0.0,0.0,0.0,0.0
3385,99,20201018,0,0.0,0.0,0.0,0.0,0.0,0.0,0.0
3400,99,20201019,0,0.0,0.0,0.0,0.0,0.0,0.0,0.0
3415,99,20201020,0,0.0,0.0,0.0,0.0,0.0,0.0,0.0
3430,99,20201021,0,0.0,0.0,0.0,0.0,0.0,0.0,0.0
3445,99,20201022,0,0.0,0.0,0.0,0.0,0.0,0.0,0.0
3460,99,20201023,0,0.0,0.0,0.0,0.0,0.0,0.0,0.0
3475,99,20201024,0,0.0,0.0,0.0,0.0,0.0,0.0,0.0
3490,99,20201025,0,0.0,0.0,0.0,0.0,0.0,0.0,0.0
3506,99,20201026,0,0.0,0.0,0.0,0.0,0.0,0.0,0.0
3521,99,20201027,0,0.0,0.0,0.0,0.0,0.0,0.0,0.0
3536,99,20201028,0,0.0,0.0,0.0,0.0,0.0,0.0,0.0
3551,99,20201029,0,0.0,0.0,0.0,0.0,0.0,0.0,0.0
3566,99,20201030,0,0.0,0.0,0.0,0.0,0.0,0.0,0.0
3581,99,20201031,0,0.0,0.0,0.0,0.0,0.0,0.0,0.0
3596,99,20201101,0,0.0,0.0,0.0,0.0,0.0,0.0,0.0
3612,99,20201102,0,0.0,0.0,0.0,0.0,0.0,0.0,0.0
3627,99,20201103,0,0.0,0.0,0.0,0.0,0.0,0.0,0.0
3642,99,20201104,0,0.0,0.0,0.0,0.0,0.0,0.0,0.0
3657,99,20201105,0,0.0,0.0,0.0,0.0,0.0,0.0,0.0
3672,99,20201106,0,0.0,0.0,0.0,0.0,0.0,0.0,0.0
3688,99,20201107,0,0.0,0.0,0.0,0.0,0.0,0.0,0.0
3703,99,20201108,0,0.0,0.0,0.0,0.0,0.0,0.0,0.0
3718,99,20201109,0,0.0,0.0,0.0,0.0,0.0,0.0,0.0
3733,99,20201110,0,0.0,0.0,0.0,0.0,0.0,0.0,0.0
3748,99,20201111,0,0.0,0.0,0.0,0.0,0.0,0.0,0.0
3763,99,20201112,0,0.0,0.0,0.0,0.0,0.0,0.0,0.0
3778,99,20201113,0,0.0,0.0,0.0,0.0,0.0,0.0,0.0
3793,99,20201114,0,0.0,0.0,0.0,0.0,0.0,0.0,0.0
3808,99,20201115,0,0.0,0.0,0.0,0.0,0.0,0.0,0.0
3824,99,20201116,0,0.0,0.0,0.0,0.0,0.0,0.0,0.0
3839,99,20201117,0,0.0,0.0,0.0,0.0,0.0,0.0,0.0
3854,99,20201118,0,0.0,0.0,0.0,0.0,0.0,0.0,0.0
3869,99,20201119,0,0.0,0.0,0.0,0.0,0.0,0.0,0.0
3884,99,20201120,0,0.0,0.0,0.0,0.0,0.0,0.0,0.0
3899,99,20201121,0,0.0,0.0,0.0,0.0,0.0,0.0,0.0
3914,99,20201122,0,0.0,0.0,0.0,0.0,0.0,0.0,0.0
3929,99,20201123,0,0.0,0.0,0.0,0.0,0.0,0.0,0.0
3944,99,20201124,0,0.0,0.0,0.0,0.0,0.0,0.0,0.0
3959,99,20201125,0,0.0,0.0,0.0,0.0,0.0,0.0,0.0
3974,99,20201126,0,0.0,0.0,0.0,0.0,0.0,0.0,0.0
3989,99,20201127,0,0.0,0.0,0.0,0.0,0.0,0.0,0.0
4004,99,20201128,0,0.0,0.0,0.0,0.0,0.0,0.0,0.0
4019,99,20201129,0,0.0,0.0,0.0,0.0,0.0,0.0,0.0
4034,99,20201130,0,0.0,0.0,0.0,0.0,0.0,0.0,0.0
4049,99,20201201,0,0.0,0.0,0.0,0.0,0.0,0.0,0.0
4064,99,20201202,0,0.0,0.0,0.0,0.0,0.0,0.0,0.0
4079,99,20201203,0,0.0,0.0,0.0,0.0,0.0,0.0,0.0
4094,99,20201204,0,0.0,0.0,0.0,0.0,0.0,0.0,0.0
4109,99,20201205,0,0.0,0.0,0.0,0.0,0.0,0.0,0.0
4124,99,20201206,0,0.0,0.0,0.0,0.0,0.0,0.0,0.0
4139,99,20201207,0,0.0,0.0,0.0,0.0,0.0,0.0,0.0
4154,99,20201208,0,0.0,0.0,0.0,0.0,0.0,0.0,0.0
4169,99,20201209,0,0.0,0.0,0.0,0.0,0.0,0.0,0.0
4184,99,20201210,0,0.0,0.0,0.0,0.0,0.0,0.0,0.0
4199,99,20201211,0,0.0,0.0,0.0,0.0,0.0,0.0,0.0
4214,99,20201212,0,0.0,0.0,0.0,0.0,0.0,0.0,0.0
4229,99,20201213,0,0.0,0.0,0.0,0.0,0.0,0.0,0.0
4244,99,20201214,0,0.0,0.0,0.0,0.0,0.0,0.0,0.0
4259,99,20201215,0,0.0,0.0,0.0,0.0,0.0,0.0,0.0
4274,99,20201216,0,0.0,0.0,0.0,0.0,0.0,0.0,0.0
4289,99,20201217,0,0.0,0.0,0.0,0.0,0.0,0.0,0.0
4304,99,20201218,0,0.0,0.0,0.0,0.0,0.0,0.0,0.0
4319,99,20201219,0,0.0,0.0,0.0,0.0,0.0,0.0,0.0
4334,99,20201220,0,0.0,0.0,0.0,0.0,0.0,0.0,0.0
4349,99,20201221,0,0.0,0.0,0.0,0.0,0.0,0.0,0.0
4364,99,20201222,0,0.0,0.0,0.0,0.0,0.0,0.0,0.0
4379,99,20201223,0,0.0,0.0,0.0,0.0,0.0,0.0,0.0
4394,99,20201224,0,0.0,0.0,0.0,0.0,0.0,0.0,0.0
4409,99,20201225,0,0.0,0.0,0.0,0.0,0.0,0.0,0.0
4424,99,20201226,0,0.0,0.0,0.0,0.0,0.0,0.0,0.0
4439,99,20201227,0,0.0,0.0,0.0,0.0,0.0,0.0,0.0
4454,99,20201228,0,0.0,0.0,0.0,0.0,0.0,0.0,0.0
4469,99,20201229,0,0.0,0.0,0.0,0.0,0.0,0.0,0.0
4484,99,20201230,0,0.0,0.0,0.0,0.0,0.0,0.0,0.0
4499,99,20201231,0,0.0,0.0,0.0,0.0,0.0,0.0,0.0
4514,99,20210101,0,0.0,0.0,0.0,0.0,0.0,0.0,0.0
4529,99,20210102,0,0.0,0.0,0.0,0.0,0.0,0.0,0.0
4544,99,20210103,0,0.0,0.0,0.0,0.0,0.0,0.0,0.0
4559,99,20210104,0,0.0,0.0,0.0,0.0,0.0,0.0,0.0
4574,99,20210105,0,0.0,0.0,0.0,0.0,0.0,0.0,0.0
4589,99,20210106,0,0.0,0.0,0.0,0.0,0.0,0.0,0.0
4604,99,20210107,0,0.0,0.0,0.0,0.0,0.0,0.0,0.0
4619,99,20210108,0,0.0,0.0,0.0,0.0,0.0,0.0,0.0
4634,99,20210109,0,0.0,0.0,0.0,0.0,0.0,0.0,0.0
4649,99,20210110,0,0.0,0.0,0.0,0.0,0.0,0.0,0.0
4664,99,20210111,0,0.0,0.0,0.0,0.0,0.0,0.0,0.0
4679,99,20210112,0,0.0,0.0,0.0,0.0,0.0,0.0,0.0
4694,99,20210113,0,0.0,0.0,0.0,0.0,0.0,0.0,0.0
4709,99,20210114,0,0.0,0.0,0.0,0.0,0.0,0.0,0.0
4724,99,20210115,0,0.0,0.0,0.0,0.0,0.0,0.0,0.0
4739,99,20210116,0,0.0,0.0,0.0,0.0,0.0,0.0,0.0
4754,99,20210117,0,0.0,0.0,0.0,0.0,0.0,0.0,0.0
4769,99,20210118,0,0.0,0.0,0.0,0.0,0.0,0.0,0.0
4784,99,20210119,0,0.0,0.0,0.0,0.0,0.0,0.0,0.0
4799,99,20210120,0,0.0,0.0,0.0,0.0,0.0,0.0,0.0
4814,99,20210121,0,0.0,0.0,0.0,0.0,0.0,0.0,0.0
4829,99,20210122,0,0.0,0.0,0.0,0.0,0.0,0.0,0.0
4844,99,20210123,0,0.0,0.0,0.0,0.0,0.0,0.0,0.0
4859,99,20210124,0,0.0,0.0,0.0,0.0,0.0,0.0,0.0
4874,99,20210125,0,0.0,0.0,0.0,0.0,0.0,0.0,0.0
4889,99,20210126,0,0.0,0.0,0.0,0.0,0.0,0.0,0.0
4904,99,20210127,0,0.0,0.0,0.0,0.0,0.0,0.0,0.0
4919,99,20210128,0,0.0,0.0,0.0,0.0,0.0,0.0,0.0
4934,99,20210129,0,0.0,0.0,0.0,0.0,0.0,0.0,0.0
4949,99,20210130,0,0.0,0.0,0.0,0.0,0.0,0.0,0.0
4964,99,20210131,0,0.0,28.0,0.0,0.0,0.0,2.8,0.0
4979,99,20210201,0,0.0,0.0,0.0,0.0,0.0,2.8,0.0
4994,99,20210202,0,0.0,0.0,0.0,0.0,0.0,2.8,0.0
5009,99,20210203,0,0.0,0.0,0.0,0.0,0.0,2.8,0.0
5024,99,20210204,0,0.0,0.0,0.0,0.0,0.0,2.8,0.0
5039,99,20210205,0,0.0,0.0,0.0,0.0,0.0,2.8,0.0
5054,99,20210206,0,0.0,0.0,0.0,0.0,0.0,2.8,0.0
5069,99,20210207,0,0.0,0.0,0.0,0.0,0.0,2.8,0.0
5084,99,20210208,0,0.0,0.0,0.0,0.0,0.0,2.8,0.0
5099,99,20210209,0,0.0,0.0,0.0,0.0,0.0,2.8,0.0
5114,99,20210210,0,0.0,0.0,0.0,0.0,0.0,0.0,0.0
5129,99,20210211,0,0.0,0.0,0.0,0.0,0.0,0.0,0.0
5144,99,20210212,0,0.0,0.0,0.0,0.0,0.0,0.0,0.0
5159,99,20210213,0,0.0,0.0,0.0,0.0,0.0,0.0,0.0
5174,99,20210214,0,0.0,0.0,0.0,0.0,0.0,0.0,0.0
5189,99,20210215,0,0.0,0.0,0.0,0.0,0.0,0.0,0.0
5204,99,20210216,0,0.0,0.0,0.0,0.0,0.0,0.0,0.0
5219,99,20210217,0,0.0,0.0,0.0,0.0,0.0,0.0,0.0
5234,99,20210218,0,0.0,0.0,0.0,0.0,0.0,0.0,0.0
5249,99,20210219,0,0.0,0.0,0.0,0.0,0.0,0.0,0.0
5264,99,20210220,0,0.0,0.0,0.0,0.0,0.0,0.0,0.0
5279,99,20210221,0,0.0,0.0,0.0,0.0,0.0,0.0,0.0
5294,99,20210222,0,0.0,0.0,0.0,0.0,0.0,0.0,0.0
5309,99,20210223,0,0.0,0.0,0.0,0.0,0.0,0.0,0.0
5324,99,20210224,0,0.0,0.0,0.0,0.0,0.0,0.0,0.0
5339,99,20210225,0,0.0,0.0,0.0,0.0,0.0,0.0,0.0
5354,99,20210226,0,0.0,0.0,0.0,0.0,0.0,0.0,0.0
5369,99,20210227,0,0.0,0.0,0.0,0.0,0.0,0.0,0.0
5384,99,20210228,0,0.0,0.0,0.0,0.0,0.0,0.0,0.0
5399,99,20210301,0,0.0,0.0,0.0,0.0,0.0,0.0,0.0
5414,99,20210302,0,0.0,0.0,0.0,0.0,0.0,0.0,0.0
5429,99,20210303,0,0.0,0.0,0.0,0.0,0.0,0.0,0.0
5444,99,20210304,0,0.0,0.0,0.0,0.0,0.0,0.0,0.0
5459,99,20210305,0,0.0,0.0,0.0,0.0,0.0,0.0,0.0
5474,99,20210306,0,0.0,0.0,0.0,0.0,0.0,0.0,0.0
5489,99,20210307,0,0.0,0.0,0.0,0.0,0.0,0.0,0.0
5504,99,20210308,0,0.0,0.0,0.0,0.0,0.0,0.0,0.0
5519,99,20210309,0,0.0,0.0,0.0,0.0,0.0,0.0,0.0
5534,99,20210310,0,0.0,0.0,0.0,0.0,0.0,0.0,0.0
5549,99,20210311,0,0.0,0.0,0.0,0.0,0.0,0.0,0.0
5564,99,20210312,0,0.0,0.0,0.0,0.0,0.0,0.0,0.0
5579,99,20210313,0,0.0,0.0,0.0,0.0,0.0,0.0,0.0
5594,99,20210314,0,0.0,0.0,0.0,0.0,0.0,0.0,0.0
5609,99,20210315,0,0.0,0.0,0.0,0.0,0.0,0.0,0.0
5624,99,20210316,0,0.0,0.0,0.0,0.0,0.0,0.0,0.0
5639,99,20210317,0,0.0,0.0,0.0,0.0,0.0,0.0,0.0
5654,99,20210318,0,0.0,0.0,0.0,0.0,0.0,0.0,0.0
5669,99,20210319,0,0.0,0.0,0.0,0.0,0.0,0.0,0.0
5684,99,20210320,0,0.0,0.0,0.0,0.0,0.0,0.0,0.0
5699,99,20210321,0,0.0,0.0,0.0,0.0,0.0,0.0,0.0
5714,99,20210322,0,0.0,0.0,0.0,0.0,0.0,0.0,0.0
5729,99,20210323,0,0.0,0.0,0.0,0.0,0.0,0.0,0.0
5744,99,20210324,0,0.0,0.0,0.0,0.0,0.0,0.0,0.0
5759,99,20210325,0,0.0,0.0,0.0,0.0,0.0,0.0,0.0
5774,99,20210326,0,0.0,0.0,0.0,0.0,0.0,0.0,0.0
5789,99,20210327,0,0.0,0.0,0.0,0.0,0.0,0.0,0.0
5804,99,20210328,0,0.0,0.0,0.0,0.0,0.0,0.0,0.0
5819,99,20210329,0,0.0,0.0,0.0,0.0,0.0,0.0,0.0
5834,99,20210330,0,0.0,0.0,0.0,0.0,0.0,0.0,0.0
5849,99,20210331,0,0.0,0.0,0.0,0.0,0.0,0.0,0.0
5864,99,20210401,0,0.0,0.0,0.0,0.0,0.0,0.0,0.0
5879,99,20210402,0,0.0,0.0,0.0,0.0,0.0,0.0,0.0
5894,99,20210403,0,0.0,0.0,0.0,0.0,0.0,0.0,0.0
5909,99,20210404,0,0.0,0.0,0.0,0.0,0.0,0.0,0.0
5924,99,20210405,0,0.0,0.0,0.0,0.0,0.0,0.0,0.0
5939,99,20210406,0,0.0,0.0,0.0,0.0,0.0,0.0,0.0
5954,99,20210407,0,0.0,0.0,0.0,0.0,0.0,0.0,0.0
5969,99,20210408,0,0.0,0.0,0.0,0.0,0.0,0.0,0.0
5984,99,20210409,0,0.0,0.0,0.0,0.0,0.0,0.0,0.0
5999,99,20210410,0,0.0,0.0,0.0,0.0,0.0,0.0,0.0
6014,99,20210411,0,0.0,0.0,0.0,0.0,0.0,0.0,0.0
6029,99,20210412,0,0.0,0.0,0.0,0.0,0.0,0.0,0.0
6044,99,20210413,0,0.0,0.0,0.0,0.0,0.0,0.0,0.0
6059,99,20210414,0,0.0,0.0,0.0,0.0,0.0,0.0,0.0
6074,99,20210415,0,0.0,0.0,0.0,0.0,0.0,0.0,0.0
6089,99,20210416,0,0.0,0.0,0.0,0.0,0.0,0.0,0.0
6104,99,20210417,0,0.0,0.0,0.0,0.0,0.0,0.0,0.0
6119,99,20210418,0,0.0,0.0,0.0,0.0,0.0,0.0,0.0
6134,99,20210419,0,0.0,0.0,0.0,0.0,0.0,0.0,0.0
6149,99,20210420,0,0.0,0.0,0.0,0.0,0.0,0.0,0.0
6164,99,20210421,0,0.0,0.0,0.0,0.0,0.0,0.0,0.0
6179,99,20210422,0,0.0,0.0,0.0,0.0,0.0,0.0,0.0
6194,99,20210423,0,0.0,0.0,0.0,0.0,0.0,0.0,0.0
6209,99,20210424,0,0.0,0.0,0.0,0.0,0.0,0.0,0.0
6224,99,20210425,0,0.0,0.0,0.0,0.0,0.0,0.0,0.0
6240,99,20210426,0,0.0,0.0,0.0,0.0,0.0,0.0,0.0
6255,99,20210427,0,0.0,0.0,0.0,0.0,0.0,0.0,0.0
6270,99,20210428,0,0.0,0.0,0.0,0.0,0.0,0.0,0.0
6285,99,20210429,0,0.0,0.0,0.0,0.0,0.0,0.0,0.0
6300,99,20210430,0,0.0,0.0,0.0,0.0,0.0,0.0,0.0
6315,99,20210501,0,0.0,0.0,0.0,0.0,0.0,0.0,0.0
6330,99,20210502,0,0.0,0.0,0.0,0.0,0.0,0.0,0.0
6345,99,20210503,0,0.0,0.0,0.0,0.0,0.0,0.0,0.0
6360,99,20210504,0,0.0,0.0,0.0,0.0,0.0,0.0,0.0
6375,99,20210505,0,0.0,0.0,0.0,0.0,0.0,0.0,0.0
6390,99,20210506,0,0.0,0.0,0.0,0.0,0.0,0.0,0.0
6405,99,20210507,0,0.0,0.0,0.0,0.0,0.0,0.0,0.0
6420,99,20210508,0,0.0,0.0,0.0,0.0,0.0,0.0,0.0
6435,99,20210509,0,0.0,0.0,0.0,0.0,0.0,0.0,0.0
6450,99,20210510,0,0.0,0.0,0.0,0.0,0.0,0.0,0.0
6465,99,20210511,0,0.0,0.0,0.0,0.0,0.0,0.0,0.0
6480,99,20210512,0,0.0,0.0,0.0,0.0,0.0,0.0,0.0
6495,99,20210513,0,0.0,0.0,0.0,0.0,0.0,0.0,0.0
6510,99,20210514,0,0.0,0.0,0.0,0.0,0.0,0.0,0.0
6525,99,20210515,0,0.0,0.0,0.0,0.0,0.0,0.0,0.0
6540,99,20210516,0,0.0,0.0,0.0,0.0,0.0,0.0,0.0
6555,99,20210517,0,0.0,0.0,0.0,0.0,0.0,0.0,0.0
6570,99,20210518,0,0.0,0.0,0.0,0.0,0.0,0.0,0.0
6585,99,20210519,0,0.0,0.0,0.0,0.0,0.0,0.0,0.0
6600,99,20210520,0,0.0,0.0,0.0,0.0,0.0,0.0,0.0
6615,99,20210521,0,0.0,0.0,0.0,0.0,0.0,0.0,0.0
6630,99,20210522,0,0.0,0.0,0.0,0.0,0.0,0.0,0.0
6645,99,20210523,0,0.0,0.0,0.0,0.0,0.0,0.0,0.0
6660,99,20210524,0,0.0,0.0,0.0,0.0,0.0,0.0,0.0
6675,99,20210525,0,0.0,0.0,0.0,0.0,0.0,0.0,0.0
6690,99,20210526,0,0.0,0.0,0.0,0.0,0.0,0.0,0.0
6705,99,20210527,0,0.0,0.0,0.0,0.0,0.0,0.0,0.0
6720,99,20210528,0,0.0,0.0,0.0,0.0,0.0,0.0,0.0
6735,99,20210529,0,0.0,0.0,0.0,0.0,0.0,0.0,0.0
6750,99,20210530,0,0.0,0.0,0.0,0.0,0.0,0.0,0.0
6765,99,20210531,0,0.0,0.0,0.0,0.0,0.0,0.0,0.0
6781,99,20210601,0,0.0,0.0,0.0,0.0,0.0,0.0,0.0
6796,99,20210602,0,0.0,0.0,0.0,0.0,0.0,0.0,0.0
6811,99,20210603,0,0.0,0.0,0.0,0.0,0.0,0.0,0.0
6826,99,20210604,0,0.0,0.0,0.0,0.0,0.0,0.0,0.0
6841,99,20210605,0,0.0,0.0,0.0,0.0,0.0,0.0,0.0
6856,99,20210606,0,0.0,0.0,0.0,0.0,0.0,0.0,0.0
6871,99,20210607,0,0.0,0.0,0.0,0.0,0.0,0.0,0.0
6886,99,20210608,0,0.0,0.0,0.0,0.0,0.0,0.0,0.0
6901,99,20210609,0,0.0,0.0,0.0,0.0,0.0,0.0,0.0
6916,99,20210610,0,0.0,0.0,0.0,0.0,0.0,0.0,0.0
6931,99,20210611,0,0.0,0.0,0.0,0.0,0.0,0.0,0.0
6946,99,20210612,0,0.0,0.0,0.0,0.0,0.0,0.0,0.0
6961,99,20210613,0,0.0,0.0,0.0,0.0,0.0,0.0,0.0
6976,99,20210614,0,0.0,0.0,0.0,0.0,0.0,0.0,0.0
6991,99,20210615,0,0.0,0.0,0.0,0.0,0.0,0.0,0.0
7006,99,20210616,0,0.0,0.0,0.0,0.0,0.0,0.0,0.0
7021,99,20210617,0,0.0,0.0,0.0,0.0,0.0,0.0,0.0
7036,99,20210618,0,0.0,0.0,0.0,0.0,0.0,0.0,0.0
7051,99,20210619,0,0.0,0.0,0.0,0.0,0.0,0.0,0.0
7066,99,20210620,0,0.0,0.0,0.0,0.0,0.0,0.0,0.0
7081,99,20210621,0,0.0,0.0,0.0,0.0,0.0,0.0,0.0
7096,99,20210622,0,0.0,0.0,0.0,0.0,0.0,0.0,0.0
7111,99,20210623,0,0.0,0.0,0.0,0.0,0.0,0.0,0.0
7126,99,20210624,0,0.0,0.0,0.0,0.0,0.0,0.0,0.0
7141,99,20210625,0,0.0,0.0,0.0,0.0,0.0,0.0,0.0
7156,99,20210626,0,0.0,0.0,0.0,0.0,0.0,0.0,0.0
7171,99,20210627,0,0.0,0.0,0.0,0.0,0.0,0.0,0.0
7186,99,20210628,0,0.0,0.0,0.0,0.0,0.0,0.0,0.0
7201,99,20210629,0,0.0,0.0,0.0,0.0,0.0,0.0,0.0
7216,99,20210630,0,0.0,0.0,0.0,0.0,0.0,0.0,0.0
7231,99,20210701,0,0.0,0.0,0.0,0.0,0.0,0.0,0.0
7246,99,20210702,0,0.0,0.0,0.0,0.0,0.0,0.0,0.0
7261,99,20210703,0,0.0,0.0,0.0,0.0,0.0,0.0,0.0
7276,99,20210704,0,0.0,0.0,0.0,0.0,0.0,0.0,0.0
7291,99,20210705,0,0.0,0.0,0.0,0.0,0.0,0.0,0.0
7306,99,20210706,0,0.0,0.0,0.0,0.0,0.0,0.0,0.0
7321,99,20210707,0,0.0,0.0,0.0,0.0,0.0,0.0,0.0
7336,99,20210708,0,0.0,0.0,0.0,0.0,0.0,0.0,0.0
7351,99,20210709,0,0.0,0.0,0.0,0.0,0.0,0.0,0.0
7366,99,20210710,0,0.0,0.0,0.0,0.0,0.0,0.0,0.0
7381,99,20210711,0,0.0,0.0,0.0,0.0,0.0,0.0,0.0
7396,99,20210712,0,0.0,0.0,0.0,0.0,0.0,0.0,0.0
7411,99,20210713,0,0.0,0.0,0.0,0.0,0.0,0.0,0.0
7426,99,20210714,0,0.0,0.0,0.0,0.0,0.0,0.0,0.0
7441,99,20210715,0,0.0,0.0,0.0,0.0,0.0,0.0,0.0
7456,99,20210716,0,0.0,0.0,0.0,0.0,0.0,0.0,0.0
7471,99,20210717,0,0.0,0.0,0.0,0.0,0.0,0.0,0.0
7486,99,20210718,0,0.0,0.0,0.0,0.0,0.0,0.0,0.0
7501,99,20210719,0,0.0,0.0,0.0,0.0,0.0,0.0,0.0
7516,99,20210720,0,0.0,0.0,0.0,0.0,0.0,0.0,0.0
7531,99,20210721,0,0.0,0.0,0.0,0.0,0.0,0.0,0.0
7546,99,20210722,0,0.0,0.0,0.0,0.0,0.0,0.0,0.0
7561,99,20210723,0,0.0,0.0,0.0,0.0,0.0,0.0,0.0
7576,99,20210724,0,0.0,0.0,0.0,0.0,0.0,0.0,0.0
7591,99,20210725,0,0.0,0.0,0.0,0.0,0.0,0.0,0.0
7606,99,20210726,0,0.0,0.0,0.0,0.0,0.0,0.0,0.0
7621,99,20210727,0,0.0,0.0,0.0,0.0,0.0,0.0,0.0
7636,99,20210728,0,0.0,0.0,0.0,0.0,0.0,0.0,0.0
7651,99,20210729,0,0.0,0.0,0.0,0.0,0.0,0.0,0.0
7666,99,20210730,0,0.0,0.0,0.0,0.0,0.0,0.0,0.0
7681,99,20210731,0,0.0,0.0,0.0,0.0,0.0,0.0,0.0
7696,99,20210801,0,0.0,0.0,0.0,0.0,0.0,0.0,0.0
7711,99,20210802,0,0.0,0.0,0.0,0.0,0.0,0.0,0.0
7726,99,20210803,0,0.0,0.0,0.0,0.0,0.0,0.0,0.0
7741,99,20210804,0,0.0,0.0,0.0,0.0,0.0,0.0,0.0
7756,99,20210805,0,0.0,0.0,0.0,0.0,0.0,0.0,0.0
7771,99,20210806,0,0.0,0.0,0.0,0.0,0.0,0.0,0.0
7786,99,20210807,0,0.0,0.0,0.0,0.0,0.0,0.0,0.0
7801,99,20210808,0,0.0,0.0,0.0,0.0,0.0,0.0,0.0
7816,99,20210809,0,0.0,0.0,0.0,0.0,0.0,0.0,0.0
7831,99,20210810,0,0.0,0.0,0.0,0.0,0.0,0.0,0.0
7846,99,20210811,0,0.0,0.0,0.0,0.0,0.0,0.0,0.0
7861,99,20210812,0,0.0,0.0,0.0,0.0,0.0,0.0,0.0
7876,99,20210813,0,0.0,0.0,0.0,0.0,0.0,0.0,0.0
7891,99,20210814,0,0.0,0.0,0.0,0.0,0.0,0.0,0.0
7906,99,20210815,0,0.0,0.0,0.0,0.0,0.0,0.0,0.0
7921,99,20210816,0,0.0,0.0,0.0,0.0,0.0,0.0,0.0
7936,99,20210817,0,0.0,0.0,0.0,0.0,0.0,0.0,0.0
7951,99,20210818,0,0.0,0.0,0.0,0.0,0.0,0.0,0.0
7966,99,20210819,0,0.0,0.0,0.0,0.0,0.0,0.0,0.0
7981,99,20210820,0,0.0,0.0,0.0,0.0,0.0,0.0,0.0
7996,99,20210821,0,0.0,0.0,0.0,0.0,0.0,0.0,0.0
8011,99,20210822,0,0.0,0.0,0.0,0.0,0.0,0.0,0.0
8026,99,20210823,0,0.0,0.0,0.0,0.0,0.0,0.0,0.0
8041,99,20210824,0,0.0,0.0,0.0,0.0,0.0,0.0,0.0
8056,99,20210825,0,0.0,0.0,0.0,0.0,0.0,0.0,0.0
8071,99,20210826,0,0.0,0.0,0.0,0.0,0.0,0.0,0.0
8086,99,20210827,0,0.0,0.0,0.0,0.0,0.0,0.0,0.0
8101,99,20210828,0,0.0,0.0,0.0,0.0,0.0,0.0,0.0
8116,99,20210829,0,0.0,0.0,0.0,0.0,0.0,0.0,0.0
8131,99,20210830,0,0.0,0.0,0.0,0.0,0.0,0.0,0.0
8146,99,20210831,0,0.0,0.0,0.0,0.0,0.0,0.0,0.0
8161,99,20210901,0,0.0,0.0,0.0,0.0,0.0,0.0,0.0
8176,99,20210902,0,0.0,0.0,0.0,0.0,0.0,0.0,0.0
8191,99,20210903,0,0.0,0.0,0.0,0.0,0.0,0.0,0.0
8206,99,20210904,0,0.0,0.0,0.0,0.0,0.0,0.0,0.0
8221,99,20210905,0,0.0,0.0,0.0,0.0,0.0,0.0,0.0
8236,99,20210906,0,0.0,0.0,0.0,0.0,0.0,0.0,0.0
8251,99,20210907,0,0.0,0.0,0.0,0.0,0.0,0.0,0.0
8266,99,20210908,0,0.0,0.0,0.0,0.0,0.0,0.0,0.0
8281,99,20210909,0,0.0,0.0,0.0,0.0,0.0,0.0,0.0
8296,99,20210910,0,0.0,0.0,0.0,0.0,0.0,0.0,0.0
8311,99,20210911,0,0.0,0.0,0.0,0.0,0.0,0.0,0.0
8326,99,20210912,0,0.0,0.0,0.0,0.0,0.0,0.0,0.0
8341,99,20210913,0,0.0,0.0,0.0,0.0,0.0,0.0,0.0
8356,99,20210914,0,0.0,0.0,0.0,0.0,0.0,0.0,0.0
8371,99,20210915,0,0.0,0.0,0.0,0.0,0.0,0.0,0.0
8386,99,20210916,0,0.0,0.0,0.0,0.0,0.0,0.0,0.0
8401,99,20210917,0,0.0,0.0,0.0,0.0,0.0,0.0,0.0
8416,99,20210918,0,0.0,0.0,0.0,0.0,0.0,0.0,0.0
8431,99,20210919,0,0.0,0.0,0.0,0.0,0.0,0.0,0.0
8446,99,20210920,0,0.0,0.0,0.0,0.0,0.0,0.0,0.0
8461,99,20210921,0,0.0,0.0,0.0,0.0,0.0,0.0,0.0
8476,99,20210922,0,0.0,0.0,0.0,0.0,0.0,0.0,0.0
8491,99,20210923,0,0.0,0.0,0.0,0.0,0.0,0.0,0.0
8506,99,20210924,0,0.0,0.0,0.0,0.0,0.0,0.0,0.0
8521,99,20210925,0,0.0,0.0,0.0,0.0,0.0,0.0,0.0
8536,99,20210926,0,0.0,0.0,0.0,0.0,0.0,0.0,0.0
8551,99,20210927,0,0.0,0.0,0.0,0.0,0.0,0.0,0.0
8566,99,20210928,0,0.0,0.0,0.0,0.0,0.0,0.0,0.0
8581,99,20210929,0,0.0,0.0,0.0,0.0,0.0,0.0,0.0
8596,99,20210930,0,0.0,0.0,0.0,0.0,0.0,0.0,0.0
8611,99,20211001,0,0.0,0.0,0.0,0.0,0.0,0.0,0.0
8626,99,20211002,0,0.0,0.0,0.0,0.0,0.0,0.0,0.0
8641,99,20211003,0,0.0,0.0,0.0,0.0,0.0,0.0,0.0
8656,99,20211004,0,0.0,0.0,0.0,0.0,0.0,0.0,0.0
8671,99,20211005,0,0.0,0.0,0.0,0.0,0.0,0.0,0.0
8686,99,20211006,0,0.0,0.0,0.0,0.0,0.0,0.0,0.0
8701,99,20211007,0,0.0,0.0,0.0,0.0,0.0,0.0,0.0
8716,99,20211008,0,0.0,0.0,0.0,0.0,0.0,0.0,0.0
8731,99,20211009,0,0.0,0.0,0.0,0.0,0.0,0.0,0.0
8746,99,20211010,0,0.0,0.0,0.0,0.0,0.0,0.0,0.0
8761,99,20211011,0,0.0,0.0,0.0,0.0,0.0,0.0,0.0
8776,99,20211012,0,0.0,0.0,0.0,0.0,0.0,0.0,0.0
8791,99,20211013,0,0.0,0.0,0.0,0.0,0.0,0.0,0.0
8806,99,20211014,0,0.0,0.0,0.0,0.0,0.0,0.0,0.0
8821,99,20211015,0,0.0,0.0,0.0,0.0,0.0,0.0,0.0
8836,99,20211016,0,0.0,0.0,0.0,0.0,0.0,0.0,0.0
8851,99,20211017,0,0.0,0.0,0.0,0.0,0.0,0.0,0.0
8866,99,20211018,0,0.0,0.0,0.0,0.0,0.0,0.0,0.0
8881,99,20211019,0,0.0,0.0,0.0,0.0,0.0,0.0,0.0
8896,99,20211020,0,0.0,0.0,0.0,0.0,0.0,0.0,0.0
8911,99,20211021,0,0.0,0.0,0.0,0.0,0.0,0.0,0.0
8926,99,20211022,0,0.0,0.0,0.0,0.0,0.0,0.0,0.0
